Title,Abstract,Summary,Strategic decision,AI intelligence,Operation
Brand Buzz in the Echoverse,"Social media sites have created a reverberating “echoverse” for brand communication, forming complex feedback loops (“echoes”) between the “universe” of corporate communications, news media, and user-generated social media. To understand these feedback loops, the authors process longitudinal, unstructured data using computational linguistics techniques and analyze them using econometric methods. By assembling one of the most comprehensive data sets in the brand communications literature with corporate communications, news stories, social media, and business outcomes, the authors document the echoverse (i.e., feedback loops between all of these sources). Furthermore, the echoverse has changed as online word of mouth has become prevalent. Over time, online word of mouth has fallen into a negativity spiral, with negative messages leading to greater volume, and firms are adjusting their communications strategies in response. The nature of brand communications has been transformed by online technology as corporate communications move increasingly from one to many (e.g., advertising) to one to one (e.g., Twitter) while consumer word of mouth moves from one to one (e.g., conversations) to one to many (e.g., social media). The results indicate that companies benefit from using social media (e.g., Twitter) for personalized customer responses, although there is still a role for traditional brand communications (e.g., press releases, advertising). The evolving echoverse requires managers to rethink brand communication strategies, with online communications becoming increasingly central.",Sentiment analysis for social media content understands consumer responses using their own language,Marketing research,Feeling AI,Customer understanding
Active Machine Learning for Consideration Heuristics,"We develop and test an active-machine-learning method to select questions adaptively when consumers use heuristic decision rules. The method tailors priors to each consumer based on a “configurator.” Subsequent questions maximize information about the decision heuristics (minimize expected posterior entropy). To update posteriors after each question, we approximate the posterior with a variational distribution and use belief propagation (iterative loops of Bayes updating). The method runs sufficiently fast to select new queries in under a second and provides significantly and substantially more information per question than existing methods based on random, market-based, or orthogonal-design questions. Synthetic data experiments demonstrate that adaptive questions provide close-to-optimal information and outperform existing methods even when there are response errors or “bad” priors. The basic algorithm focuses on conjunctive or disjunctive rules, but we demonstrate generalizations to more complex heuristics and to the use of previous-respondent data to improve consumer-specific priors. We illustrate the algorithm empirically in a Web-based survey conducted by an American automotive manufacturer to study vehicle consideration (872 respondents, 53 feature levels). Adaptive questions outperform market-based questions when estimating heuristic decision rules. Heuristic decision rules predict validation decisions better than compensatory rules.",MLfor understanding consumer consideration heuristics ,Marketing research,Feeling AI,Customer understanding
Identifying Customer Needs from User-Generated Content,"Firms traditionally rely on interviews and focus groups to identify customer needs for marketing strategy and product development. User-generated content (UGC) is a promising alternative source for identifying customer needs. However, established methods are neither efficient nor effective for large UGC corpora because much content is noninformative or repetitive. We propose a machine-learning approach to facilitate qualitative analysis by selecting content for efficient review. We use a convolutional neural network to filter out noninformative content and cluster dense sentence embeddings to avoid sampling repetitive content. We further address two key questions: Are UGC-based customer needs comparable to interview-based customer needs? Do the machine-learning methods improve customer-need identification? These comparisons are enabled by a custom data set of customer needs for oral care products identified by professional analysts using industry-standard experiential interviews. The analysts also coded 12,000 UGC sentences to identify which previously identified customer needs and/or new customer needs were articulated in each sentence. We show that (1) UGC is at least as valuable as a source of customer needs for product development, likely more valuable, compared with conventional methods, and (2) machine-learning methods improve efficiency of identifying customer needs from UGC (unique customer needs per unit of professional services cost).",Convolutional neural network identifies customer needs from user-generated content,Marketing research,Feeling AI,Customer understanding
Relationship journeys in the internet of things: a new framework for understanding interactions between consumers and smart objects,"Consumers’ interactions with smart objects have a relational nature, and extensive research has supported the “relationship metaphor” as a fruitful way to understand consumer responses to consumption objects. But, smart objects pose unique challenges for considering the emergence of consumer–object relationships, because their degrees of agency, autonomy, and authority lend them their own unique capacities for interaction. We present a new framework for consumer–object relationships based on the circumplex model of interpersonal complementarity and situated in assemblage theory and object-oriented ontology. Consumer–object relationship styles are defined in terms of two foundational dimensions of behavior, agency, and communion, based on the expressive roles played by consumer and object. The overlay of assemblage theory provides a conceptually rich understanding of the space of master–servant, partner, and unstable relationship styles, along with their concomitant positive (enabling) versus negative (constraining) consumer experiences. The model’s underlying geometry supports extensive empirical work and provides a powerful managerial framework for measuring and tracking consumer–object relationships and the journeys they take over time.",Consumer and smart object in IoT as relationship journey,Marketing research,Feeling AI,Customer understanding
Resistance to Medical Artificial Intelligence ,"Artificial intelligence (AI) is revolutionizing healthcare, but little is known about consumer receptivity to AI in medicine. Consumers are reluctant to utilize healthcare provided by AI in real and hypothetical choices, separate and joint evaluations. Consumers are less likely to utilize healthcare (study 1), exhibit lower reservation prices for healthcare (study 2), are less sensitive to differences in provider performance (studies 3A–3C), and derive negative utility if a provider is automated rather than human (study 4). Uniqueness neglect, a concern that AI providers are less able than human providers to account for consumers’ unique characteristics and circumstances, drives consumer resistance to medical AI. Indeed, resistance to medical AI is stronger for consumers who perceive themselves to be more unique (study 5). Uniqueness neglect mediates resistance to medical AI (study 6), and is eliminated when AI provides care (a) that is framed as personalized (study 7), (b) to consumers other than the self (study 8), or (c) that only supports, rather than replaces, a decision made by a human healthcare provider (study 9). These findings make contributions to the psychology of automation and medical decision making, and suggest interventions to increase consumer acceptance of AI in medicine.",Consumer resistance to personal medical AI ,Marketing research,Feeling AI,Customer understanding
Man Versus Machine: Resisting Automation in Identity-Based Consumer Behavior,"Automation is transforming many consumption domains, including everyday activities such as cooking or driving, as well as recreational activities like fishing or cycling. Yet little research in marketing examines consumer preferences for automated products. Automation often provides obvious consumption benefits, but six studies spanning a variety of product categories show that automation may not be desirable when identity motives are important drivers of consumption. Using both correlational and experimental designs, these studies demonstrate that people who strongly identify with a particular social category resist automated features that hinder the attribution of identity-relevant consumption outcomes to themselves. The findings have substantial theoretical implications for research on identity and technology, as well as managerial implications for targeting, product innovation, and communication.",Consumers may not prefer identity-related automated products,Marketing research,Feeling AI,Customer understanding
Eliza in the uncanny valley: anthropomorphizing consumer robots increases their perceived warmth but decreases liking,"Consumer robots are predicted to be employed in a variety of customer-facing situations. As these robots are designed to look and behave like humans, consumers attribute human traits to them—a phenomenon known as the “Eliza Effect.” In four experiments, we show that the anthropomorphism of a consumer robot increases psychological warmth but decreases attitudes, due to uncanniness. Competence judgments are much less affected and not subject to a decrease in attitudes. The current research contributes to research on artificial intelligence, anthropomorphism, and the uncanny valley phenomenon. We suggest to managers that they need to make sure that the appearances and behaviors of robots are not too human-like to avoid negative attitudes toward robots. Moreover, managers and researchers should collaborate to determine the optimal level of anthropomorphism.",Anthropomorphized consumer robots increase perceived warmth but decrease liking ,Marketing research,Feeling AI,Customer understanding
Customer Perception Analysis Using Deep Learning and NLP,"Understanding customer behavior and driving customer satisfaction are necessary for any business to succeed in the competing market. Companies need to be aware of the prevailing customer perceptions to make more accurate and effective plans for product development and marketing. Customer feedback is available through multiple channels. Specifically, we are interested in the unstructured data available as text that would be available through social media, comments from a survey, voice recordings of customer interactions, and chat transcripts. Analyzing such data correctly is critical, as it reveals everything from buying trends to product flaws and provides a significant business advantage. It would further strengthen business opportunity to uncover customer interests, product improvements, and marketing insights. In this paper, we explore different technologies of Deep Learning and Natural Language Processing (NLP) that would help analyze better the contextual information to capture customer feedback.","Deep learning and NLP analyze
 customer perceptions",Marketing research,Feeling AI,Customer understanding
Customer-based perceptual map as a marketing intelligence source,"Marketing intelligence is adopted by most global firms to support decision-making, identify potential opportunities and plan appropriate strategies. This paper concentrates on customers' perceptions as a rich, systematic, objective, and intelligent source that supplies strategic marketing planning knowledge. This idea is executed through distilling a perceptual map from mining customers' perceptions via data mining techniques and tools. In this paper, a practical intelligence framework is proposed to integrate marketing resources and information systems techniques in order to maintain a deep understanding of the soundness of data. After application on a real case study for fast food restaurants brands in Jordan, the proposed framework has proven to display promising results.",Data mining for distilling a customer-based perceptual map,Marketing strategy,Feeling AI,Positioning
Analyzing tourism slogans in top tourism destinations,"A tourism destination's slogan is an important tool in the development of its national brand. However, few studies have focused on this issue. Therefore, the main purpose of this paper is to examine the characteristics of 150 tourism destinations, considering three geographical levels: countries, regions and cities, and to evaluate them by means of content analysis. The study tests eight different items for each slogan adopted from previous studies. Findings reveal that slogans tend to be very simple and have an exclusive appeal, which comes from emphasising the affective component in the message.",Tourism positioning slogans in top destinations emphasize affective component ,Marketing strategy,Feeling AI,Positioning
Collaborative Intelligence: Humans and AI Are Joining Forces,"Artificial intelligence is transforming all sectors of the economy, but there’s no reason to fear that robots will replace all human employees. In fact, companies that automate their operations mainly to cut their workforces will see only short-term productivity gains, say the authors. Their research, involving 1,500 firms in a range of industries, shows that the biggest performance improvements come when humans and smart machines work together, enhancing each other’s strengths.",Train conversational AI to have brand personality,Marketing action,Feeling AI,Relationalization
Understanding the Role of Artificial Intelligence in Personalized Engagement Marketing,"This article explores the role of artificial intelligence (AI) in aiding personalized engagement marketing—an approach to create, communicate, and deliver personalized offerings to customers. It proposes that consumers are ready for a new journey in which AI is a tool for endless options and information that are narrowed and curated in a personalized way. It also provides predictions for managers regarding the AI-driven environment on branding and customer management practices in both developed and developing countries.",AI personalizes engagement marketing,Marketing action,Feeling AI,Relationalization
Substituting Information for Interaction: A Framework for Personalization in Service Encounters and Service Systems,"We compare person-to-person service encounters with those in which the service provider is an information system to identify the capabilities needed to personalize a service encounter. We suggest “substituting information for interaction” as a principle that unifies these different types of encounters whenever the information needed to create value in a service system accumulates incrementally through human or automated customer interactions. We review research and practice in computer science, artificial intelligence, data mining, machine learning, and information systems design to bring an interdisciplinary robustness to our conceptual proposal. Human service providers and automated service systems both need (1) a service model manager that stores information about how a customer requests a service; (2) a customer model manager that stores information about customers and preferences; (3) a recommendation system manager that uses service models, customer models, and contextual information to adapt the service at delivery time; (4) a learning system that analyzes previous service encounters to refine service and customer models, and a (5) service monitoring system that monitors the status of service delivery. The substitution concepts and mechanisms we propose highlight the range of design choices and help managers evaluate whether a human interaction or information exchange creates or undermines value in a service system.",Service interactions can be personalized by “substituting information for interaction” ,Marketing action,Feeling AI,Relationalization
Engaged to a Robot? The Role of AI in Service,"This article develops a strategic framework for using artificial intelligence (AI) to engage customers for different service benefits. This framework lays out guidelines of how to use different AIs to engage customers based on considerations of nature of service task, service offering, service strategy, and service process. AI develops from mechanical, to thinking, and to feeling. As AI advances to a higher intelligence level, more human service employees and human intelligence (HI) at the intelligence levels lower than that level should be used less. Thus, at the current level of AI development, mechanical service should be performed mostly by mechanical AI, thinking service by both thinking AI and HI, and feeling service mostly by HI. Mechanical AI should be used for standardization when service is routine and transactional, for cost leadership, and mostly at the service delivery stage. Thinking AI should be used for personalization when service is data-rich and utilitarian, for quality leadership, and mostly at the service creation stage. Feeling AI should be used for relationalization when service is relational and high touch, for relationship leadership, and mostly at the service interaction stage. We illustrate various AI applications for the three major AI benefits, providing managerial guidelines for service providers to leverage the advantages of AI as well as future research implications for service researchers to investigate AI in service from modeling, consumer, and policy perspectives.",AI intelligences can be used to engage customers in the service journey,Marketing action,Feeling AI,Relationalization
Real-Time Brand Reputation Tracking Using Social Media,"How can we know what stakeholders think and feel about brands in real time and over time? Most brand reputation measures are at the aggregate level (e.g., the Interbrand “Best Global Brands” list) or rely on customer brand perception surveys on a periodical basis (e.g., the Y&R Brand Asset Valuator). To answer this question, brand reputation measures must capture the voice of the stakeholders (not just ratings on brand attributes), reflect important brand events in real time, and connect to a brand’s financial value to the firm. This article develops a new social media–based brand reputation tracker by mining Twitter comments for the world’s top 100 brands using Rust–Zeithaml–Lemon’s value–brand–relationship framework, on a weekly, monthly, and quarterly basis. The article demonstrates that brand reputation can be monitored in real time and longitudinally, managed by leveraging the reciprocal and virtuous relationships between the drivers, and connected to firm financial performance. The resulting measures are housed in an online longitudinal database and may be accessed by brand reputation researchers.",Track brand reputation through sentiment analyses social media content ,Marketing action,Feeling AI,Relationalization
Engaged to a Robot? The Role of AI in Service,"This article develops a strategic framework for using artificial intelligence (AI) to engage customers for different service benefits. This framework lays out guidelines of how to use different AIs to engage customers based on considerations of nature of service task, service offering, service strategy, and service process. AI develops from mechanical, to thinking, and to feeling. As AI advances to a higher intelligence level, more human service employees and human intelligence (HI) at the intelligence levels lower than that level should be used less. Thus, at the current level of AI development, mechanical service should be performed mostly by mechanical AI, thinking service by both thinking AI and HI, and feeling service mostly by HI. Mechanical AI should be used for standardization when service is routine and transactional, for cost leadership, and mostly at the service delivery stage. Thinking AI should be used for personalization when service is data-rich and utilitarian, for quality leadership, and mostly at the service creation stage. Feeling AI should be used for relationalization when service is relational and high touch, for relationship leadership, and mostly at the service interaction stage. We illustrate various AI applications for the three major AI benefits, providing managerial guidelines for service providers to leverage the advantages of AI as well as future research implications for service researchers to investigate AI in service from modeling, consumer, and policy perspectives.",Customers perceive AI chatbots to be to belessempathetic,Marketing action,Feeling AI,Relationalization
Likeability and its effect on outcomes of interpersonal interaction,"Interpersonal interactions between boundary spanning individuals have a fundamental role in how interorganizational interactions develop. This study examines interpersonal interaction and the effects of likeability on two attributes that are central to many organizations: commodity prices as negotiation outcomes and a partner's willingness to engage in collaboration. Specifically, we aim to answer: how does interpersonal likeability impact negotiation outcomes in terms of commodity prices and how does it affect a partner's willingness to engage in collaboration? Based on social exchange theory we draw hypotheses that are tested using data gathered from experiments with 220 participants. The findings indicate that likeability significantly influences a partner's willingness to engage in collaboration but does not significantly influence negotiation profits. The implications of these findings for research and practice are discussed.",Interpersonal likeability would impact the price negotiation outcome in a B2B relationship,Marketing action,Feeling AI,Relationalization
Brave new world: service robots in the frontline,"The service sector is at an inflection point with regard to productivity gains and service industrialization similar to the industrial revolution in manufacturing that started in the eighteenth century. Robotics in combination with rapidly improving technologies like artificial intelligence (AI), mobile, cloud, big data and biometrics will bring opportunities for a wide range of innovations that have the potential to dramatically change service industries. The purpose of this paper is to explore the potential role service robots will play in the future and to advance a research agenda for service researchers.",Service robots surface acting,Marketing action,Feeling AI,Relationalization
Resistance to Medical Artificial Intelligence,"Artificial intelligence (AI) is revolutionizing healthcare, but little is known about consumer receptivity to AI in medicine. Consumers are reluctant to utilize healthcare provided by AI in real and hypothetical choices, separate and joint evaluations. Consumers are less likely to utilize healthcare (study 1), exhibit lower reservation prices for healthcare (study 2), are less sensitive to differences in provider performance (studies 3A–3C), and derive negative utility if a provider is automated rather than human (study 4). Uniqueness neglect, a concern that AI providers are less able than human providers to account for consumers’ unique characteristics and circumstances, drives consumer resistance to medical AI. Indeed, resistance to medical AI is stronger for consumers who perceive themselves to be more unique (study 5). Uniqueness neglect mediates resistance to medical AI (study 6), and is eliminated when AI provides care (a) that is framed as personalized (study 7), (b) to consumers other than the self (study 8), or (c) that only supports, rather than replaces, a decision made by a human healthcare provider (study 9). These findings make contributions to the psychology of automation and medical decision making, and suggest interventions to increase consumer acceptance of AI in medicine.",Consumers resistance to medical AI,Marketing action,Feeling AI,Relationalization
One-Voice Strategy for Customer Engagement,"Machine-age technologies, including automation, robotics, and artificial intelligence, are profoundly expanding the variety of service interfaces and therefore the possible ways that customers and firms can interact across customer journeys. This expansion challenges service firms’ capabilities to deliver coherent streams of interactions for effective customer engagement. This article develops a conceptual framework of firm capabilities that enable firms to operate with “one voice” to deliver seamless, harmonious, and reliable interactions across diverse interfaces in a customer journey. The proposed framework integrates three themes: (1) service interaction space to capture the interrelationship among devices, interfaces, interactions, and journeys; (2) learning and coordination as core capabilities for generating and using intelligence, respectively, to enhance customer engagement in subsequent interactions; and (3) one-voice strategy to configure learning and coordination capabilities in combinations that meet conditions of fitness and equifinality for effective customer engagement. We provide several research questions and priorities to guide research and practice.",One-voice strategy for customer engagement across diverse interfaces enabled by machine-age technologies in a customer journey,Marketing action,Feeling AI,Relationalization
Advertising Content and Consumer Engagement on Social Media: Evidence from Facebook,"We describe the effect of social media advertising content on customer engagement using data from Facebook. We content-code 106,316 Facebook messages across 782 companies, using a combination of Amazon Mechanical Turk and natural language processing algorithms. We use this data set to study the association of various kinds of social media marketing content with user engagement—defined as Likes, comments, shares, and click-throughs—with the messages. We find that inclusion of widely used content related to brand personality—like humor and emotion—is associated with higher levels of consumer engagement (Likes, comments, shares) with a message. We find that directly informative content—like mentions of price and deals—is associated with lower levels of engagement when included in messages in isolation, but higher engagement levels when provided in combination with brand personality–related attributes. Also, certain directly informative content, such as deals and promotions, drive consumers’ path to conversion (click-throughs). These results persist after incorporating corrections for the nonrandom targeting of Facebook’s EdgeRank (News Feed) algorithm and so reflect more closely user reaction to content than Facebook’s behavioral targeting. Our results suggest that there are benefits to content engineering that combines informative characteristics that help in obtaining immediate leads (via improved click-throughs) with brand personality–related content that helps in maintaining future reach and branding on the social media site (via improved engagement). These results inform content design strategies. Separately, the methodology we apply to content-code text is useful for future studies utilizing unstructured data such as advertising content or product reviews.",NLP analyzes social media ad content enhances consumer engagement,Marketing action,Feeling AI,Relationalization
Frontiers: Machines vs. Humans: The Impact of Artificial Intelligence Chatbot Disclosure on Customer Purchases,"Empowered by artificial intelligence (AI), chatbots are surging as new technologies with both business potential and customer pushback. This study exploits field experiment data on more than 6,200 customers who are randomized to receive highly structured outbound sales calls from chatbots or human workers. Results suggest that undisclosed chatbots are as effective as proficient workers and four times more effective than inexperienced workers in engendering customer purchases. However, a disclosure of chatbot identity before the machine–customer conversation reduces purchase rates by more than 79.7%. Additional analyses find that these results are robust to nonresponse bias and hang-ups, and the chatbot disclosure substantially decreases call length. Exploration of the mechanisms reveals that when customers know the conversational partner is not a human, they are curt and purchase less because they perceive the disclosed bot as less knowledgeable and less empathetic. The negative disclosure effect seems to be driven by a subjective human perception against machines, despite the objective competence of AI chatbots. Fortunately, such negative impact can be mitigated by a late disclosure timing strategy and customer prior AI experience. These findings offer useful implications for chatbot applications, customer targeting, and advertising in conversational commerce.",AI chatbots for outbound sales calls,Marketing action,Feeling AI,Relationalization
Advertising Content and Consumer Engagement on Social Media: Evidence from Facebook,"We describe the effect of social media advertising content on customer engagement using data from Facebook. We content-code 106,316 Facebook messages across 782 companies, using a combination of Amazon Mechanical Turk and natural language processing algorithms. We use this data set to study the association of various kinds of social media marketing content with user engagement—defined as Likes, comments, shares, and click-throughs—with the messages. We find that inclusion of widely used content related to brand personality—like humor and emotion—is associated with higher levels of consumer engagement (Likes, comments, shares) with a message. We find that directly informative content—like mentions of price and deals—is associated with lower levels of engagement when included in messages in isolation, but higher engagement levels when provided in combination with brand personality–related attributes. Also, certain directly informative content, such as deals and promotions, drive consumers’ path to conversion (click-throughs). These results persist after incorporating corrections for the nonrandom targeting of Facebook’s EdgeRank (News Feed) algorithm and so reflect more closely user reaction to content than Facebook’s behavioral targeting. Our results suggest that there are benefits to content engineering that combines informative characteristics that help in obtaining immediate leads (via improved click-throughs) with brand personality–related content that helps in maintaining future reach and branding on the social media site (via improved engagement). These results inform content design strategies. Separately, the methodology we apply to content-code text is useful for future studies utilizing unstructured data such as advertising content or product reviews.",NLP algorithms analyze Facebook messages to examine the association between social media content and user engagement,Marketing action,Feeling AI,Relationalization
Why Am I Seeing This Ad? The Effect of Ad Transparency on Ad Effectiveness,"Given the increasingly specific ways marketers can target ads, consumers and regulators are demanding ad transparency: disclosure of how consumers’ personal information was used to generate ads. We investigate how and why ad transparency impacts ad effectiveness. Drawing on literature about offline norms of information sharing, we posit that ad transparency backfires when it exposes marketing practices that violate norms about “information flows”—consumers’ beliefs about how their information should move between parties. Study 1 inductively shows that consumers deem information flows acceptable (or not) based on whether their personal information was: 1) obtained within versus outside of the website on which the ad appears, and 2) stated by the consumer versus inferred by the firm (the latter of each pair being less acceptable). Studies 2 and 3 show that revealing unacceptable information flows reduces ad effectiveness, which is driven by increasing consumers’ relative concern for their privacy over desire for the personalization that such targeting affords. Study 4 shows the moderating role of platform trust: when consumers trust a platform, revealing acceptable information flows increases ad effectiveness. Studies 5a and 5b, conducted in the field with a loyalty program website (i.e., a trusted platform), demonstrate this benefit of transparency.",Personalized ad backfires if privacy concern is heightened,Marketing action,Feeling AI,Relationalization
Unstructured data in marketing,"The rise of unstructured data (UD), propelled by novel technologies, is reshaping markets and the management of marketing activities. Yet these increased data remain mostly untapped by many firms, suggesting the potential for further research developments. The integrative framework proposed in this study addresses the nature of UD and pursues theoretical richness and computational advancements by integrating insights from other disciplines. This article makes three main contributions to the literature by (1) offering a unifying definition and conceptualization of UD in marketing; (2) bridging disjoint literature with an organizing framework that synthesizes various subsets of UD relevant for marketing management through an integrative review; and (3) identifying substantive, computational, and theoretical gaps in extant literature and ways to leverage interdisciplinary knowledge to advance marketing research by applying UD analyses to underdeveloped areas.",Unstructured data for marketing insights,Marketing research,Mechanical AI, Data collection
When Words Sweat: Identifying Signals for Loan Default in the Text of Loan Applications,"The authors present empirical evidence that borrowers, consciously or not, leave traces of their intentions, circumstances, and personality traits in the text they write when applying for a loan. This textual information has a substantial and significant ability to predict whether borrowers will pay back the loan above and beyond the financial and demographic variables commonly used in models predicting default. The authors use text-mining and machine learning tools to automatically process and analyze the raw text in over 120,000 loan requests from Prosper, an online crowdfunding platform. Including in the predictive model the textual information in the loan significantly helps predict loan default and can have substantial financial implications. The authors find that loan requests written by defaulting borrowers are more likely to include words related to their family, mentions of God, the borrower’s financial and general hardship, pleading lenders for help, and short-term-focused words. The authors further observe that defaulting loan requests are written in a manner consistent with the writing styles of extroverts and liars.",Text-mining and ML automatically categorize loan borrowers,Marketing strategy,Mechanical AI,Segmentation
Improving Cancer Outreach Effectiveness Through Targeting and Economic Assessments: Insights from a Randomized Field Experiment,"Patients at risk for hepatocellular carcinoma or liver cancer should undergo semiannual screening tests to facilitate early detection, effective treatment options at lower cost, better recovery prognosis, and higher life expectancy. Health care institutions invest in direct-to-patient outreach marketing to encourage regular screening. They ask the following questions: (1) Does the effectiveness of outreach vary among patients and over time?; (2) What is the return on outreach?; and (3) Can patient-level targeted outreach increase the return? The authors use a multiperiod, randomized field experiment involving 1,800 patients. Overall, relative to the usual-care condition, outreach alone (outreach with patient navigation) increases screening completion rates by 10–20 (13–24) percentage points. Causal forests demonstrate that patient-level treatment effects vary substantially across periods and by patients’ demographics, health status, visit history, health system accessibility, and neighborhood socioeconomic status, thereby facilitating the implementation of the targeted outreach program. A simulation shows that the targeted outreach program improves the return on the randomized outreach program by 74%–96% or $1.6 million to $2 million. Thus, outreach marketing provides a substantial positive payoff to the health care system.",Conjoint analysis with sparse learning for consumer preferences in multiple segments,Marketing strategy,Mechanical AI,Segmentation
"New approaches to psychographic consumer segmentation: Exploring fine art collectors using artificial intelligence, automated text analysis and correspondence analysis","While the motivation for collecting art has received considerable attention in the literature, less is known about the characteristics of the typical art collector. This paper aims to explore these characteristics to develop a typology of art consumers using a mixed method approach over several studies. The study’s findings reveal four distinct clusters of art collectors based on their “Big Five” personality traits, as well as uncovering insights into how these types talk about their possessions.",Automated text analysis and correspondence analysis for psychographic consumer segmentation in the art market,Marketing strategy,Mechanical AI,Segmentation
Using ontology-based clustering to understand the push and pull factors for British tourists visiting a Mediterranean coastal destination,"This paper studies why British tourists decide to travel to a particular destination in a Catalan region. The analysis is based on a survey that includes open-ended questions. First, we propose the operationalization of the concepts of motivation and meaning as push–pull factors when choosing a destination. Second, an ontology-based clustering method is presented, which makes it possible to analyse these qualitative factors from a semantic perspective to obtain tourist segments. A benchmark confirms that the segmentation obtained is better than that generated using classic clustering methods The results show that different meanings can be associated with any single place.",Data mining for tourist segments  based on the meaning of destinations to consumers,Marketing strategy,Mechanical AI,Segmentation
Retailing and retailing research in the age of big data analytics,"As a research domain, the retail sector has always had many appealing features, such as its size, its multi-faceted and dynamic nature, the possibility for researchers to exploit their own domain knowledge, and an extensive coverage by business analysts. In addition, the above-average availability of good-quality data has historically been an additional selling point to empirical researchers. The paper considers to what extent the latter still holds, and explores a number of additional opportunities and challenges that emerge from the ongoing big data revolution. This is done from five perspectives: retail managers, retailing researchers, public-policy makers, investors, and retailing educators.",Retail big data for micro segment customers,Marketing strategy,Mechanical AI,Segmentation
Man Versus Machine: Resisting Automation in Identity-Based Consumer Behavior,"Automation is transforming many consumption domains, including everyday activities such as cooking or driving, as well as recreational activities like fishing or cycling. Yet little research in marketing examines consumer preferences for automated products. Automation often provides obvious consumption benefits, but six studies spanning a variety of product categories show that automation may not be desirable when identity motives are important drivers of consumption. Using both correlational and experimental designs, these studies demonstrate that people who strongly identify with a particular social category resist automated features that hinder the attribution of identity-relevant consumption outcomes to themselves. The findings have substantial theoretical implications for research on identity and technology, as well as managerial implications for targeting, product innovation, and communication.",Consumers may not prefer automated products that are related to their identity,Marketing action,Mechanical AI,Standardization
Online Product Reviews-Triggered Dynamic Pricing: Theory and Evidence,"Prior works offer compelling evidence that, on the demand side of the market, user-generated online product reviews play a very important role in informing consumers’ purchase decisions. On the supply side, however, the interplay between online product reviews and firm strategies is less understood. We build an analytical model that differentiates products based on consumers’ preference for tastes (horizontal differentiation) or quality (vertical differentiation) and show that a firm is able to not only manipulate its pricing to influence online product reviews (thus influencing sales) but also, adjust pricing dynamically in response to online word of mouth. Our model derives rich and testable results on possible price trajectories. To offer empirical support for the analytical predictions, we conduct a panel data study of prices and reviews. We adopt a difference-in-differences framework to address endogeneity challenges.",Consumers’ online WOM can be used to automate price changes based on ML tools,Marketing action,Mechanical AI,Standardization
Artificial Intelligence in Service,"Artificial intelligence (AI) is increasingly reshaping service by performing various tasks, constituting a major source of innovation, yet threatening human jobs. We develop a theory of AI job replacement to address this double-edged impact. The theory specifies four intelligences required for service tasks—mechanical, analytical, intuitive, and empathetic—and lays out the way firms should decide between humans and machines for accomplishing those tasks. AI is developing in a predictable order, with mechanical mostly preceding analytical, analytical mostly preceding intuitive, and intuitive mostly preceding empathetic intelligence. The theory asserts that AI job replacement occurs fundamentally at the task level, rather than the job level, and for “lower” (easier for AI) intelligence tasks first. AI first replaces some of a service job’s tasks, a transition stage seen as augmentation, and then progresses to replace human labor entirely when it has the ability to take over all of a job’s tasks. The progression of AI task replacement from lower to higher intelligences results in predictable shifts over time in the relative importance of the intelligences for service employees. An important implication from our theory is that analytical skills will become less important, as AI takes over more analytical tasks, giving the “softer” intuitive and empathetic skills even more importance for service employees. Eventually, AI will be capable of performing even the intuitive and empathetic tasks, which enables innovative ways of human–machine integration for providing service but also results in a fundamental threat for human employment.",Mechanical AI automates service process,Marketing action,Mechanical AI,Standardization
The Evolution and Future of Retailing and Retailing Education,"The pace of retail evolution has increased dramatically, with the spread of the Internet and as consumers have become more empowered by mobile phones and smart devices. This article outlines significant retail innovations that reveal how retailers and retailing have evolved in the past several decades. In the same spirit, the authors discuss how the topics covered in retail education have shifted. This article further details the roles of current technologies, including social media and retailing analytics, and emerging areas, such as the Internet of things, machine learning, artificial intelligence, blockchain technology, and robotics, all of which are likely to change the retail landscape in the future. Educators thus should incorporate these technologies into their classroom discussions through various means, from experiential exercises to interactive discussions to the reviews of recent articles.",IoT optimizes retail processes,Marketing action,Mechanical AI,Standardization
Brave new world: service robots in the frontline,"The service sector is at an inflection point with regard to productivity gains and service industrialization similar to the industrial revolution in manufacturing that started in the eighteenth century. Robotics in combination with rapidly improving technologies like artificial intelligence (AI), mobile, cloud, big data and biometrics will bring opportunities for a wide range of innovations that have the potential to dramatically change service industries. The purpose of this paper is to explore the potential role service robots will play in the future and to advance a research agenda for service researchers.",Service robots interact with scale and consistency,Marketing action,Mechanical AI,Standardization
Service Robots Rising: How Humanoid Robots Influence Service Experiences and Elicit Compensatory Consumer Responses,"Interactions between consumers and humanoid service robots (HSRs; i.e., robots with a human-like morphology such as a face, arms, and legs) will soon be part of routine marketplace experiences. It is unclear, however, whether these humanoid robots (compared with human employees) will trigger positive or negative consequences for consumers and companies. Seven experimental studies reveal that consumers display compensatory responses when they interact with an HSR rather than a human employee (e.g., they favor purchasing status goods, seek social affiliation, and order and eat more food). The authors investigate the underlying process driving these effects, and they find that HSRs elicit greater consumer discomfort (i.e., eeriness and a threat to human identity), which in turn results in the enhancement of compensatory consumption. Moreover, this research identifies boundary conditions of the effects such that the compensatory responses that HSRs elicit are (1) mitigated when consumer-perceived social belongingness is high, (2) attenuated when food is perceived as more healthful, and (3) buffered when the robot is machinized (rather than anthropomorphized).",Service robots automate social presence in frontline,Marketing action,Mechanical AI,Standardization
Comparing automated text classification methods,"Online social media drive the growth of unstructured text data. Many marketing applications require structuring this data at scales non-accessible to human coding, e.g., to detect communication shifts in sentiment or other researcher-defined content categories. Several methods have been proposed to automatically classify unstructured text. This paper compares the performance of ten such approaches (five lexicon-based, five machine learning algorithms) across 41 social media datasets covering major social media platforms, various sample sizes, and languages. So far, marketing research relies predominantly on support vector machines (SVM) and Linguistic Inquiry and Word Count (LIWC). Across all tasks we study, either random forest (RF) or naive Bayes (NB) performs best in terms of correctly uncovering human intuition. In particular, RF exhibits consistently high performance for three-class sentiment, NB for small samples sizes. SVM never outperform the remaining methods. All lexicon-based approaches, LIWC in particular, perform poorly compared with machine learning. In some applications, accuracies only slightly exceed chance. Since additional considerations of text classification choice are also in favor of NB and RF, our results suggest that marketing research can benefit from considering these alternatives.",Automate classification of social media content and sentiment,Marketing action,Mechanical AI,Standardization
Improving Cancer Outreach Effectiveness Through Targeting and Economic Assessments: Insights from a Randomized Field Experiment,"Patients at risk for hepatocellular carcinoma or liver cancer should undergo semiannual screening tests to facilitate early detection, effective treatment options at lower cost, better recovery prognosis, and higher life expectancy. Health care institutions invest in direct-to-patient outreach marketing to encourage regular screening. They ask the following questions: (1) Does the effectiveness of outreach vary among patients and over time?; (2) What is the return on outreach?; and (3) Can patient-level targeted outreach increase the return? The authors use a multiperiod, randomized field experiment involving 1,800 patients. Overall, relative to the usual-care condition, outreach alone (outreach with patient navigation) increases screening completion rates by 10–20 (13–24) percentage points. Causal forests demonstrate that patient-level treatment effects vary substantially across periods and by patients’ demographics, health status, visit history, health system accessibility, and neighborhood socioeconomic status, thereby facilitating the implementation of the targeted outreach program. A simulation shows that the targeted outreach program improves the return on the randomized outreach program by 74%–96% or $1.6 million to $2 million. Thus, outreach marketing provides a substantial positive payoff to the health care system.",AI automates media buying process,Marketing action,Mechanical AI,Standardization
The Internet-of-Things: Review and research directions,"This paper presents a review of the Internet-of-Things (IoT) through four conceptualizations: IoT as liquification and density of information of resources; IoT as digital materiality; IoT as assemblage or service system; and IoT as modules, transactions, and service. From the conceptualizations, we provide a definition of IoT and present its implications and impact on future research in Marketing that interfaces with information systems, design and innovation, data science and cybersecurity, as well as organizational studies and economics. By integrating the implications of IoT with extant literature, we then propose a set of priorities for future research in this area.",IoT visualizes usage and experience data,Marketing research,Mechanical AI, Data collection
The Connected Consumer: Connected Devices and the Evolution of Customer Intelligence,"Technological advances are increasing the connections between customers and companies, products, and one another. Consumers’ use of connected devices is providing rich sources of data about consumers, their activity, and their environment, which we collectively label customer intelligence. At the same time, changes in statistical algorithms and artificial intelligence are making automated inferences and decisions regarding consumer behavior possible. One likely result of these changes is the emergence of companies that are especially adept at generating and using customer intelligence. This article explores how changes in sensing technology, causal modeling, and intelligent marketing platforms may affect the generation and utilization of customer intelligence. We envision a merging of these traditionally separate activities in companies that possess a large, active customer base and the ability to collect, process, and apply data from these customers quickly and accurately. Such a convergence offers substantial potential value but also notable risk for tomorrow’s connected consumers.",Connected devices collect customer intelligence,Marketing research,Mechanical AI, Data collection
Sensor Data and Behavioral Tracking: Does Usage-Based Auto Insurance Benefit Drivers?,"Usage-based insurance (UBI) is a recent auto insurance innovation that enables insurers to collect individual-level driving data, provide feedback on driving performance, and offer individually targeted price discounts based on each consumer’s driving behavior. Using individual driving behavior (from sensor data) and other information for UBI adopters, we estimate the relationship from being enrolled and monitored (for up to 26 weeks) in the UBI program and changes in the driving behavior of UBI customers. The key results of our analysis show that after UBI adoption, the UBI users improve the safety of their driving, providing a meaningful benefit for the individual driver, the insurer, and society as a whole. While UBI customers decrease their daily average hard-brake frequency by an average of 21% after six months, their mileage driven does not decrease comparing week 26 to week 1. We also find heterogeneous effects across different demographic groups. For example, younger drivers improve their UBI scores more than older drivers after UBI adoption, and females show more improvement than males. Furthermore, we find evidence that negative feedback and economic incentives correlate with greater improvement in driving behavior. Our results suggest that by sharing private consumer information with the insurer, UBI can benefit consumers who become better drivers, as well as the entire society from improved road safety.", Sensors tracking driving behavior provide insurers individual-level driving data,Marketing research,Mechanical AI, Data collection
Tracking shoppers,Retailers of all stripes are using technology to follow consumers through their brick-and-mortar stores in order to develop detailed profiles of their shopping habits and preferences.,"Retail tracking technologies, such as heat maps, video surveillance, and Beacons collect in-store shopper data ",Marketing research,Mechanical AI, Data collection
A Structured Analysis of Unstructured Big Data by Leveraging Cloud Computing,"Accurate forecasting of sales/consumption is particularly important for marketing because this information can be used to adjust marketing budget allocations and overall marketing strategies. Recently, online social platforms have produced an unparalleled amount of data on consumer behavior. However, two challenges have limited the use of these data in obtaining meaningful business marketing insights. First, the data are typically in an unstructured format, such as texts, images, audio, and video. Second, the sheer volume of the data makes standard analysis procedures computationally unworkable. In this study, we combine methods from cloud computing, machine learning, and text mining to illustrate how online platform content, such as Twitter, can be effectively used for forecasting. We conduct our analysis on a significant volume of nearly two billion Tweets and 400 billion Wikipedia pages. Our main findings emphasize that, by contrast to basic surface-level measures such as the volume of or sentiments in Tweets, the information content of Tweets and their timeliness significantly improve forecasting accuracy. Our method endogenously summarizes the information in Tweets. The advantage of our method is that the classification of the Tweets is based on what is in the Tweets rather than preconceived topics that may not be relevant. We also find that, by contrast to Twitter, other online data (e.g., Google Trends, Wikipedia views, IMDB reviews, and Huffington Post news) are very weak predictors of TV show demand because users tweet about TV shows before, during, and after a TV show, whereas Google searches, Wikipedia views, IMDB reviews, and news posts typically lag behind the show.",Various online platforms make unstructured big data available for cloud computing to predict sales and consumption,Marketing research,Mechanical AI, Data collection
The Internet-of-Things: Review and research directions,"This paper presents a review of the Internet-of-Things (IoT) through four conceptualizations: IoT as liquification and density of information of resources; IoT as digital materiality; IoT as assemblage or service system; and IoT as modules, transactions, and service. From the conceptualizations, we provide a definition of IoT and present its implications and impact on future research in Marketing that interfaces with information systems, design and innovation, data science and cybersecurity, as well as organizational studies and economics. By integrating the implications of IoT with extant literature, we then propose a set of priorities for future research in this area.",IoT visualizes usage and experience data,Marketing research,Thinking AI,Market analysis
P2V-MAP: Mapping Market Structures for Large Retail Assortments,"The authors propose a new, exploratory approach for analyzing market structures that leverages two recent methodological advances in natural language processing and machine learning. They customize a neural network language model to derive latent product attributes by analyzing the co-occurrences of products in shopping baskets. Applying dimensionality reduction to the latent attributes yields a two-dimensional product map. This method is well-suited to retailers because it relies on data that are readily available from their checkout systems and facilitates their analyses of cross-category product complementarity, in addition to within-category substitution. The approach has high usability because it is automated, is scalable and does not require a priori assumptions. Its results are easy to interpret and update as new market basket data are collected. The authors validate their approach both by conducting an extensive simulation study and by comparing their results with those of state-of-the-art, econometric methods for modeling product relationships. The application of this approach using data collected at a leading German grocery retailer underlines its usefulness and provides novel findings that are relevant to assortment-related decisions.",NLP and MLmapmarket structures for large retail assortments,Marketing research,Thinking AI,Market analysis
Uniting the Tribes: Using Text for Marketing Insight,"Words are part of almost every marketplace interaction. Online reviews, customer service calls, press releases, marketing communications, and other interactions create a wealth of textual data. But how can marketers best use such data? This article provides an overview of automated textual analysis and details how it can be used to generate marketing insights. The authors discuss how text reflects qualities of the text producer (and the context in which the text was produced) and impacts the audience or text recipient. Next, they discuss how text can be a powerful tool both for prediction and for understanding (i.e., insights). Then, the authors overview methodologies and metrics used in text analysis, providing a set of guidelines and procedures. Finally, they further highlight some common metrics and challenges and discuss how researchers can address issues of internal and external validity. They conclude with a discussion of potential areas for future work. Along the way, the authors note how textual analysis can unite the tribes of marketing. While most marketing problems are interdisciplinary, the field is often fragmented. By involving skills and ideas from each of the subareas of marketing, text analysis has the potential to help unite the field with a common set of tools and approaches.",Big data marketing analytics for marketing insights,Marketing research,Thinking AI,Market analysis
Artificial Intelligence in Service,"Artificial intelligence (AI) is increasingly reshaping service by performing various tasks, constituting a major source of innovation, yet threatening human jobs. We develop a theory of AI job replacement to address this double-edged impact. The theory specifies four intelligences required for service tasks—mechanical, analytical, intuitive, and empathetic—and lays out the way firms should decide between humans and machines for accomplishing those tasks. AI is developing in a predictable order, with mechanical mostly preceding analytical, analytical mostly preceding intuitive, and intuitive mostly preceding empathetic intelligence. The theory asserts that AI job replacement occurs fundamentally at the task level, rather than the job level, and for “lower” (easier for AI) intelligence tasks first. AI first replaces some of a service job’s tasks, a transition stage seen as augmentation, and then progresses to replace human labor entirely when it has the ability to take over all of a job’s tasks. The progression of AI task replacement from lower to higher intelligences results in predictable shifts over time in the relative importance of the intelligences for service employees. An important implication from our theory is that analytical skills will become less important, as AI takes over more analytical tasks, giving the “softer” intuitive and empathetic skills even more importance for service employees. Eventually, AI will be capable of performing even the intuitive and empathetic tasks, which enables innovative ways of human–machine integration for providing service but also results in a fundamental threat for human employment.",Analytical and intuitive AI for service analytics,Marketing research,Thinking AI,Market analysis
Letting the Computers Take Over: Using AI to Solve Marketing Problems,"Artificial intelligence (AI) has proven to be useful in many applications from automating cars to providing customer service responses. However, though many firms want to take advantage of AI to improve marketing, they lack a process by which to execute a Marketing AI project. This article discusses the use of AI to provide support for marketing decisions. Based on the established Cross-Industry Standard Process for Data Mining (CRISP-DM) framework, it creates a process for managers to use when executing a Marketing AI project and discusses issues that might arise. It explores how this framework was used to develop three cutting-edge Marketing AI applications.",AI for solving marketing problems,Marketing research,Thinking AI,Market analysis
Comparing automated text classification methods,"Online social media drive the growth of unstructured text data. Many marketing applications require structuring this data at scales non-accessible to human coding, e.g., to detect communication shifts in sentiment or other researcher-defined content categories. Several methods have been proposed to automatically classify unstructured text. This paper compares the performance of ten such approaches (five lexicon-based, five machine learning algorithms) across 41 social media datasets covering major social media platforms, various sample sizes, and languages. So far, marketing research relies predominantly on support vector machines (SVM) and Linguistic Inquiry and Word Count (LIWC). Across all tasks we study, either random forest (RF) or naive Bayes (NB) performs best in terms of correctly uncovering human intuition. In particular, RF exhibits consistently high performance for three-class sentiment, NB for small samples sizes. SVM never outperform the remaining methods. All lexicon-based approaches, LIWC in particular, perform poorly compared with machine learning. In some applications, accuracies only slightly exceed chance. Since additional considerations of text classification choice are also in favor of NB and RF, our results suggest that marketing research can benefit from considering these alternatives.",Lexicon-based and ML algorithms text mining social media data for marketing research,Marketing research,Thinking AI,Market analysis
Improving Cancer Outreach Effectiveness Through Targeting and Economic Assessments: Insights from a Randomized Field Experiment,"Patients at risk for hepatocellular carcinoma or liver cancer should undergo semiannual screening tests to facilitate early detection, effective treatment options at lower cost, better recovery prognosis, and higher life expectancy. Health care institutions invest in direct-to-patient outreach marketing to encourage regular screening. They ask the following questions: (1) Does the effectiveness of outreach vary among patients and over time?; (2) What is the return on outreach?; and (3) Can patient-level targeted outreach increase the return? The authors use a multiperiod, randomized field experiment involving 1,800 patients. Overall, relative to the usual-care condition, outreach alone (outreach with patient navigation) increases screening completion rates by 10–20 (13–24) percentage points. Causal forests demonstrate that patient-level treatment effects vary substantially across periods and by patients’ demographics, health status, visit history, health system accessibility, and neighborhood socioeconomic status, thereby facilitating the implementation of the targeted outreach program. A simulation shows that the targeted outreach program improves the return on the randomized outreach program by 74%–96% or $1.6 million to $2 million. Thus, outreach marketing provides a substantial positive payoff to the health care system.",MLand causal forests for targeting cancer outreach marketing,Marketing strategy,Thinking AI,Targeting
Targeting Prospective Customers: Robustness of Machine-Learning Methods to Typical Data Challenges,"We investigate how firms can use the results of field experiments to optimize the targeting of promotions when prospecting for new customers. We evaluate seven widely used machine-learning methods using a series of two large-scale field experiments. The first field experiment generates a common pool of training data for each of the seven methods. We then validate the seven optimized policies provided by each method together with uniform benchmark policies in a second field experiment. The findings not only compare the performance of the targeting methods, but also demonstrate how well the methods address common data challenges. Our results reveal that when the training data are ideal, model-driven methods perform better than distance-driven methods and classification methods. However, the performance advantage vanishes in the presence of challenges that affect the quality of the training data, including the extent to which the training data captures details of the implementation setting. The challenges we study are covariate shift, concept shift, information loss through aggregation, and imbalanced data. Intuitively, the model-driven methods make better use of the information available in the training data, but the performance of these methods is more sensitive to deterioration in the quality of this information. The classification methods we tested performed relatively poorly. We explain the poor performance of the classification methods in our setting and describe how the performance of these methods could be improved.",ML for optimizing the targeting of promotions for new customers,Marketing strategy,Thinking AI,Targeting
Retention Futility: Targeting High-Risk Customers Might Be Ineffective,"Companies in a variety of sectors are increasingly managing customer churn proactively, generally by detecting customers at the highest risk of churning and targeting retention efforts towards them. While there is a vast literature on developing churn prediction models that identify customers at the highest risk of churning, no research has investigated whether it is indeed optimal to target those individuals. Combining two field experiments with machine learning techniques, the author demonstrates that customers identified as having the highest risk of churning are not necessarily the best targets for proactive churn programs. This finding is not only contrary to common wisdom but also suggests that retention programs are sometimes futile not because firms offer the wrong incentives but because they do not apply the right targeting rules. Accordingly, firms should focus their modeling efforts on identifying the observed heterogeneity in response to the intervention and to target customers on the basis of their sensitivity to the intervention, regardless of their risk of churning. This approach is empirically demonstrated to be significantly more effective than the standard practice of targeting customers with the highest risk of churning. More broadly, the author encourages firms and researchers using randomized trials (or A/B tests) to look beyond the average effect of interventions and leverage the observed heterogeneity in customers’ response to select customer targets.",ML techniques for field experiments data to identify the best targets for proactive churn programs,Marketing strategy,Thinking AI,Targeting
Frontiers: How Effective Is Third-Party Consumer Profiling? Evidence from Field Studies,"Data brokers often use online browsing records to create digital consumer profiles that they sell to marketers as predefined audiences for ad targeting. However, this process is a “black box”—little is known about the reliability of the digital profiles that are created or of the audience identification provided by buying platforms. In this paper, we investigate using three field tests the accuracy of a variety of demographic and audience-interest segments. We examine the accuracy of more than 90 third-party audiences across 19 data brokers. Audience segments vary greatly in quality and are often inaccurate across leading data brokers. In comparison with random audience selection, the use of black box data profiles, on average, increased identification of a user with a desired single attribute by 0%–77%. Audience identification can be improved, on average, by 123% when combined with optimization software. However, given the high extra costs of targeting solutions and the relative inaccuracy, we find that third-party audiences are often economically unattractive except for higher-priced media placements.",Digital consumer profiling for targeting,Marketing strategy,Thinking AI,Targeting
Targeting Customers with Statistical and Data-Mining Techniques,"Operationalizing a relationship management program requires a retention strategy that is sensitive to an individual customer’s position in the service life cycle, while being financially sound for the provider. To this end, estimating a customer’s hazard function and remaining tenure with the company can lead to important insights into marketing tactics and constitute fundamental building blocks for methods of targeting important customers. The authors describe a way of estimating these quantities using a combination of statistical and data-mining techniques. The resulting customer hazard information leads to a generalization of lifetime value (GLTV) that explicitly accounts for company actions and their success in relationship management.",Combining statistical and data-mining techniques to target customers,Marketing strategy,Thinking AI,Targeting
Advertising Effectiveness for Multiple Retailer-Brands in a Multimedia and Multichannel Environment,"An important aspect of multimedia advertising effectiveness that remains unexplored is a customer-level analysis of the relative importance of each medium for multiple retailer-brands within a product category. The increasing availability of customer databases for parent companies containing multimedia ad exposures, sales transactions in several purchase channels, and information across multiple retailer-brands now allows for a broader examination of advertising effectiveness. In this research, the authors monitor 4,000 customers over two years, linking their exposure to three media (email, catalogs, and paid search) to their in-store and online purchases for three retailer-brands in the clothing category. They develop a Tobit model for sales response to multimedia advertising that captures within-brand and within-channel correlations and accommodates individual-level advertising response parameters. Due to the very large number of observations (2.4 million) and random effects (60), the authors employ an emerging machine learning technique, variational Bayes, to estimate the model parameters. They find that email and sometimes catalogs from a focal retailer-brand have a negative influence on other retailer-brands in the category, whereas paid search influences only the focal retailer-brand. However, competitor catalogs often positively influence focal retailer-brand sales, but only among omnichannel customers. They segment customers by retailer-brand and channel usage, revealing a sizeable group of customers who shop across multiple retailer-brands and both purchase channels. Moreover, this segment is the most responsive to multimedia advertising.",Variational Bayes ML segments  customers based on retailer-brand and channel,Marketing strategy,Thinking AI,Targeting
"Big Data, Big Insights? Advancing Service Innovation and Design With Machine Learning","Service innovation is intertwined with service design, and knowledge from both fields should be integrated to advance theoretical and normative insights. However, studies bridging service innovation and service design are in their infancy. This is because the body of service innovation and service design research is large and heterogeneous, which makes it difficult, if not impossible, for any human to read and understand its entire content and to delineate appropriate guidelines on how to broaden the scope of either field. Our work addresses this challenge by presenting the first application of topic modeling, a type of machine learning, to review and analyze currently available service innovation and service design research (n = 641 articles with 10,543 pages of written text or 4,119,747 words). We provide an empirical contribution to service research by identifying and analyzing 69 distinct research topics in the published text corpus, a theoretical contribution by delineating an extensive research agenda consisting of four research directions and 12 operationalizable guidelines to facilitate cross-fertilization between the two fields, and a methodological contribution by introducing and demonstrating the applicability of topic modeling and machine learning as a novel type of big data analytics to our discipline.",Topic modeling and ML for service innovation and design,Marketing action,Thinking AI,Personalization
Recommending Products When Consumers Learn Their Preference Weights,"Consumers often learn the weights they ascribe to product attributes (“preference weights”) as they search. For example, after test driving cars, a consumer might find that he or she undervalued trunk space and overvalued sunroofs. Preference-weight learning makes optimal search complex because each time a product is searched, updated preference weights affect the expected utility of all products and the value of subsequent optimal search. Product recommendations, which take preference-weight learning into account, help consumers search. We motivate a model in which consumers learn (update) their preference weights. When consumers learn preference weights, it may not be optimal to recommend the product with the highest option value, as in most search models, or the product most likely to be chosen, as in traditional recommendation systems. Recommendations are improved if consumers are encouraged to search products with diverse attribute levels, products that are undervalued, or products for which recommendation-system priors differ from consumers’ priors. Synthetic data experiments demonstrate that proposed recommendation systems outperform benchmark recommendation systems, especially when consumers are novices and when recommendation systems have good priors. We demonstrate empirically that consumers learn preference weights during search, that recommendation systems can predict changes, and that a proposed recommendation system encourages learning.",Adaptive personalization systems,Marketing action,Thinking AI,Personalization
Combining Geographical and Social Influences with Deep Learning for Personalized Point-of-Interest Recommendation,"Personalized point-of-interest (POI) recommendation is important to location-based social networks (LBSNs) for helping users to explore new places and for helping third-party services to launch targeted advertisements. Discovering effective features or representations from check-in data is the key to POI recommendation. Deep learning is a representation-learning method with multiple levels for discovering intrinsic features to better represent user preferences. We analyzed users’ check-in behavior in detail and developed a deep learning model to integrate geographical and social influences for POI recommendation tasks. We used a semi-restricted Boltzmann machine to model the geographical similarity and a conditional layer to model the social influence. Experiments with real-world LBSNs showed that our method performed better than other state-of-the-art methods. Theoretically, our study contributes to the effective usage of data science and analytics for social recommender system design. In practice, our results can be used to improve the quality of personalized POI recommendation services for websites and applications.",Deep learning for personalized point-of-interest recommendation,Marketing action,Thinking AI,Personalization
A Video-Based Automated Recommender (VAR) System for Garments,"In this paper, we propose an automated and scalable garment recommender system using real-time in-store videos that can improve the experiences of garment shoppers and increase product sales. The video-based automated recommender (VAR) system is based on observations that garment shoppers tend to try on garments and evaluate themselves in front of store mirrors. Combining state-of-the-art computer vision techniques with marketing models of consumer preferences, the system automatically identifies shoppers’ preferences based on their reactions and uses that information to make meaningful personalized recommendations. First, the system uses a camera to capture a shopper’s behavior in front of the mirror to make inferences about her preferences based on her facial expressions and the part of the garment she is examining at each time point. Second, the system identifies shoppers with preferences similar to the focal customer from a database of shoppers whose preferences, purchasing, and/or consideration decisions are known. Finally, recommendations are made to the focal customer based on the preferences, purchasing, and/or consideration decisions of these like-minded shoppers. Each of the three steps can be implemented with several variations, and a retailing chain can choose the specific configuration that best serves its purpose. In this paper, we present an empirical test that compares one specific type of VAR system implementation against two alternative, nonautomated personal recommender systems: self-explicated conjoint (SEC) and self-evaluation after try-on (SET). The results show that VAR consistently outperforms SEC and SET. A second empirical study demonstrates the feasibility of VAR in real-time applications. Participants in the second study enjoyed the VAR experience, and almost all of them tried on the recommended garments. VAR should prove to be a valuable tool for both garment retailers and shoppers.",Video-based automated recommender systems,Marketing action,Thinking AI,Personalization
Dynamic online pricing with incomplete information using multiarmed bandit experiments.,"Pricing managers at online retailers face a unique challenge. They must decide on real-time prices for a large number of products with incomplete demand information. The manager runs price experiments to learn about each product's demand curve and the profit-maximizing price. Balanced field price experiments, in practice can create high opportunity costs since a large number of customers are presented with sub-optimal prices. In this paper, we propose an alternative dynamic price experimentation policy. The proposed approach extends multi-armed bandit (MAB) algorithms, from statistical machine learning, to include microeconomic choice theory. Our automated pricing policy solves this MAB problem using a scalable distribution-free algorithm. We prove analytically that our method is asymptotically optimal for any weakly downward sloping demand curve. In a series of Monte Carlo simulations, we show that the proposed approach perform favorably compared to balanced field experiments and standard methods in dynamic pricing from computer science. In a calibrated simulation based on an existing pricing field experiment, we find that our algorithm can increase profits by 43% profits during the month of testing and 4% annually.",Multiarmed bandit algorithms from statistical machine learning dynamically adjusted online prices with incomplete price information,Marketing action,Thinking AI,Personalization
 Optimal pricing in e-commerce based on sparse and noisy data,"In today's transparent markets, e-commerce providers often have to adjust their prices within short time intervals, e.g., to take frequently changing prices of competitors into account. Automating this task of determining an “optimal” price (e.g., in terms of profit or revenue) with a learning-based approach can however be challenging. Often, only few data points are available, making it difficult to reliably detect the relationships between a given price and the resulting revenue or profit. In this paper, we propose a novel machine-learning based framework for estimating optimal prices under such constraints. The framework is generic in terms of the optimality criterion and can be customized in different ways. At its core, it implements a novel algorithm based on Bayesian inference combined with bootstrap-based confidence estimation and kernel regression. Simulation experiments show that our method is favorable over existing dynamic pricing strategies. Furthermore, the method led to a significant increase in profit and revenue in a real-world evaluation.",Machine learning based on Bayesian inference optimize online pricing with sparse and noisy data,Marketing action,Thinking AI,Personalization
The Value of Personal Information in Online Markets with Endogenous Privacy,"We investigate the effects of price discrimination on prices, profits, and consumer surplus when (a) at least one competing firm can use consumers’ private information to price discriminate yet (b) consumers can prevent such use by paying a “privacy cost.” Unlike a monopolist, competing duopolists do not always benefit from a higher privacy cost because each firm’s profit decreases—and consumer surplus increases—with that cost. Under such competition, the optimal strategy for an owner of consumer data that sells information in a single block is selling to only one firm, thereby maximizing the stakes for rival buyers. The resulting inefficiencies imply that policy makers should devote more attention to discouraging exclusivity deals and less to ensuring that consumers can easily protect their privacy.",Consumers’ private information for price personalization,Marketing action,Thinking AI,Personalization
A Video-Based Automated Recommender (VAR) System for Garments,"In this paper, we propose an automated and scalable garment recommender system using real-time in-store videos that can improve the experiences of garment shoppers and increase product sales. The video-based automated recommender (VAR) system is based on observations that garment shoppers tend to try on garments and evaluate themselves in front of store mirrors. Combining state-of-the-art computer vision techniques with marketing models of consumer preferences, the system automatically identifies shoppers’ preferences based on their reactions and uses that information to make meaningful personalized recommendations. First, the system uses a camera to capture a shopper’s behavior in front of the mirror to make inferences about her preferences based on her facial expressions and the part of the garment she is examining at each time point. Second, the system identifies shoppers with preferences similar to the focal customer from a database of shoppers whose preferences, purchasing, and/or consideration decisions are known. Finally, recommendations are made to the focal customer based on the preferences, purchasing, and/or consideration decisions of these like-minded shoppers. Each of the three steps can be implemented with several variations, and a retailing chain can choose the specific configuration that best serves its purpose. In this paper, we present an empirical test that compares one specific type of VAR system implementation against two alternative, nonautomated personal recommender systems: self-explicated conjoint (SEC) and self-evaluation after try-on (SET). The results show that VAR consistently outperforms SEC and SET. A second empirical study demonstrates the feasibility of VAR in real-time applications. Participants in the second study enjoyed the VAR experience, and almost all of them tried on the recommended garments. VAR should prove to be a valuable tool for both garment retailers and shoppers.",Video-based automated recommender systems,Marketing action,Thinking AI,Personalization
Brave new world: service robots in the frontline,"The service sector is at an inflection point with regard to productivity gains and service industrialization similar to the industrial revolution in manufacturing that started in the eighteenth century. Robotics in combination with rapidly improving technologies like artificial intelligence (AI), mobile, cloud, big data and biometrics will bring opportunities for a wide range of innovations that have the potential to dramatically change service industries. The purpose of this paper is to explore the potential role service robots will play in the future and to advance a research agenda for service researchers.",Service robots deliver customized experience,Marketing action,Thinking AI,Personalization
Artificial Intelligence in Advertising: How Marketers Can Leverage Artificial Intelligence Along the Consumer Journey,"“Speaker’s Box” invites academics and practitioners to identify significant areas of research affecting advertising and marketing. The intent of these contributions is to bridge the gap between the length of time it takes to produce rigorous work and the acceleration of change within practice. This edition of Speaker’s Box assesses artificial intelligence (AI) in the wake of the Cambridge Analytica scandal, which has increased awareness about the “dark side” of data mining and the use of AI in analyzing and managing social-media data. By way of contrast, the authors focus mainly on the “bright side” of AI. They do so not to dismiss the many legitimate privacy concerns AI raises but instead to illustrate how AI helps consumers and advertisers alike by generating insights in an environment that observes the public’s privacy rights.“Speaker’s Box” invites academics and practitioners to identify significant areas of research affecting advertising and marketing. The intent of these contributions is to bridge the gap between the length of time it takes to produce rigorous work and the acceleration of change within practice. This edition of Speaker’s Box assesses artificial intelligence (AI) in the wake of the Cambridge Analytica scandal, which has increased awareness about the “dark side” of data mining and the use of AI in analyzing and managing social-media data. By way of contrast, the authors focus mainly on the “bright side” of AI. They do so not to dismiss the many legitimate privacy concerns AI raises but instead to illustrate how AI helps consumers and advertisers alike by generating insights in an environment that observes the public’s privacy rights.","Intelligent purchasing, dynamic pricing, targeting, and retargeting",Marketing action,Thinking AI,Personalization
Advertising Content and Consumer Engagement on Social Media: Evidence from Facebook,"We describe the effect of social media advertising content on customer engagement using data from Facebook. We content-code 106,316 Facebook messages across 782 companies, using a combination of Amazon Mechanical Turk and natural language processing algorithms. We use this data set to study the association of various kinds of social media marketing content with user engagement—defined as Likes, comments, shares, and click-throughs—with the messages. We find that inclusion of widely used content related to brand personality—like humor and emotion—is associated with higher levels of consumer engagement (Likes, comments, shares) with a message. We find that directly informative content—like mentions of price and deals—is associated with lower levels of engagement when included in messages in isolation, but higher engagement levels when provided in combination with brand personality–related attributes. Also, certain directly informative content, such as deals and promotions, drive consumers’ path to conversion (click-throughs). These results persist after incorporating corrections for the nonrandom targeting of Facebook’s EdgeRank (News Feed) algorithm and so reflect more closely user reaction to content than Facebook’s behavioral targeting. Our results suggest that there are benefits to content engineering that combines informative characteristics that help in obtaining immediate leads (via improved click-throughs) with brand personality–related content that helps in maintaining future reach and branding on the social media site (via improved engagement). These results inform content design strategies. Separately, the methodology we apply to content-code text is useful for future studies utilizing unstructured data such as advertising content or product reviews.",Content engineering by ML and NLP,Marketing action,Thinking AI,Personalization
Copycats vs. Original Mobile Apps: A Machine Learning Copycat-Detection Method and Empirical Analysis,"While the growth of the mobile apps market has created significant market opportunities and economic incentives for mobile app developers to innovate, it has also inevitably invited other developers to create rip-offs. Practitioners and developers of original apps claim that copycats steal the original app’s idea and potential demand, and have called for app platforms to take action against such copycats. Surprisingly, however, there has been little rigorous research analyzing whether and how copycats affect an original app’s demand. The primary deterrent to such research is the lack of an objective way to identify whether an app is a copycat or an original. Using a combination of machine learning techniques such as natural language processing, latent semantic analysis, network-based clustering, and image analysis, we propose a method to identify apps as original or copycat and detect two types of copycats: deceptive and nondeceptive. Based on the detection results, we conduct an econometric analysis to determine the impact of copycat apps on the demand for the original apps on a sample of 10,100 action game apps by 5,141 developers that were released in the iOS App Store over five years. Our results indicate that the effect of a specific copycat on an original app’s demand is determined by the quality and level of deceptiveness of the copycat. High-quality nondeceptive copycats negatively affect demand for the originals. By contrast, low-quality, deceptive copycats positively affect demand for the originals. Results indicate that in aggregate the impact of copycats on the demand of original mobile apps is statistically insignificant. Our study contributes to the growing literature on mobile app consumption by presenting a method to identify copycats and providing evidence of the impact of copycats on an original app’s demand.",Combine ML and NLP to detect copycat apps,Marketing action,Thinking AI,Personalization
Understanding Programmatic Creative: The Role of AI,"In this article, we expand the concept of programmatic advertising to include programmatic creative as a vital component. While artificial intelligence (AI) has already automated the media buying process, the advertising creative process still requires extensive human efforts. Such discrepancy calls for AI to transform the advertising creative process. We provide a framework for understanding and investigating programmatic creative by drawing evidence from the advertising industry in China. We specifically discuss how big data and machine learning algorithms underpin programmatic advertising. We argue that AI will integrate programmatic buying and programmatic creative in the future. We also discuss the technological, regulatory, and legal challenges faced by programmatic creative. We argue that new theories and methods are needed to conduct research in this area and provide guidance for the advertising industry.",AI transforms advertising creative processes,Marketing action,Thinking AI,Personalization
Personalized mobile marketing strategies,"The prevalence of mobile usage data has provided unprecedented insights into customer hyper-context information and brings ample opportunities for practitioners to design more pertinent marketing strategies and timely targeted campaigns. Granular unstructured mobile data also stimulate new research frontiers. This paper integrates the traditional marketing mix model to develop a framework of personalized mobile marketing strategies. The framework incorporates personalization into the center of mobile product, mobile place, mobile price, mobile promotion, and mobile prediction. Extant studies in mobile marketing are reviewed under the proposed framework, and promising topics about personalized mobile marketing are discussed for future research.",Personalized mobile marketing strategies center on 4Ps,Marketing action,Thinking AI,Personalization